#treeName,Method,NumericalLogZ,logZ
sim-1121221206.msf.Rep0,Adaptive,0.0,-73286.85906048729
sim-1121221206.msf.Rep0,Deterministic,0.0,-73295.8327013082
sim-1121221206.msf.Rep0,MCMC,NA,0.0
sim-1121221206.msf.Rep1,Adaptive,0.0,-73367.1000388201
sim-1121221206.msf.Rep1,Deterministic,0.0,-73311.216358045
sim-1121221206.msf.Rep1,MCMC,NA,0.0
sim-1121221206.msf.Rep2,Adaptive,0.0,-73271.76776465887
sim-1121221206.msf.Rep2,Deterministic,0.0,-73330.36020086643
sim-1121221206.msf.Rep2,MCMC,NA,0.0
