#treeName,Method,NumericalLogZ,logZ
sim-1121221206.msf.Rep0,Adaptive,0.0,-73322.22558948914
sim-1121221206.msf.Rep0,Deterministic,0.0,-73322.01163311306
sim-1121221206.msf.Rep0,MCMC,NA,0.0
sim-1121221206.msf.Rep1,Adaptive,0.0,-73320.94960496208
sim-1121221206.msf.Rep1,Deterministic,0.0,-73297.85694757638
sim-1121221206.msf.Rep1,MCMC,NA,0.0
sim-1121221206.msf.Rep2,Adaptive,0.0,-73334.94622896246
sim-1121221206.msf.Rep2,Deterministic,0.0,-73297.50603595504
sim-1121221206.msf.Rep2,MCMC,NA,0.0
